sensor_id,avg_temp,rank_temp
1081,29.703000000000003,1
1084,28.702999999999996,2
1067,28.7,3
1027,28.611,4
1055,28.445555555555554,5
