location,avg_temperature,avg_humidity
BuildingA_Floor1,25.45171875,54.51269531250002
BuildingB_Floor2,24.24366666666667,56.099875
BuildingA_Floor2,25.454000000000004,54.51444000000002
BuildingB_Floor1,24.862244094488183,56.086535433070864
